{
    "camera_matrix": [
        [
            1129.779455220537,
            0.0,
            932.5458093625358
        ],
        [
            0.0,
            1130.37799592189,
            542.0974729065898
        ],
        [
            0.0,
            0.0,
            1.0
        ]
    ],
    "distortion_coefficients": [
        [
            0.024457338259660406,
            -0.19759521637573255,
            -0.0004954709930047227,
            0.008031753518161133,
            0.4714296514600179
        ]
    ],
    "image_size": [
        1920,
        1080
    ],
    "board_size": [
        9,
        6
    ],
    "square_size": 1.0,
    "reprojection_error": 0.6532081560415745,
    "num_images": 14
}