{
    "K_left": [
        [1129.779455220537, 0.0, 932.5458093625358],
        [0.0, 1130.37799592189, 542.0974729065898],
        [0.0, 0.0, 1.0]
    ],
    "K_right": [
        [1129.779455220537, 0.0, 932.5458093625358],
        [0.0, 1130.37799592189, 542.0974729065898],
        [0.0, 0.0, 1.0]
    ],
    "D_left": [0.024457338259660406, -0.19759521637573255, -0.0004954709930047227, 0.008031753518161133, 0.4714296514600179],
    "D_right": [0.024457338259660406, -0.19759521637573255, -0.0004954709930047227, 0.008031753518161133, 0.4714296514600179],
    "R": [
        [1.0, 0.0, 0.0],
        [0.0, 1.0, 0.0],
        [0.0, 0.0, 1.0]
    ],
    "T": [0.1, 0.0, 0.0],
    "baseline": 0.1,
    "image_size": [1920, 1080],
    "reprojection_error": 0.6532081560415745,
    "calibration_source": "Generated from single camera calibration for stereo setup"
}